strategy,run,iteration,infected,infected_nodes
random,0,0,4,"42,84,91,98"
random,0,1,1,5
random,0,2,1,46
random,0,3,0,
random,0,4,0,
random,0,5,0,
random,0,6,0,
random,0,7,0,
random,0,8,0,
random,0,9,0,
degree,0,0,4,"10,29,34,36"
degree,0,1,2,"62,64"
degree,0,2,0,
degree,0,3,0,
degree,0,4,0,
degree,0,5,0,
degree,0,6,0,
degree,0,7,0,
degree,0,8,0,
degree,0,9,0,
betweenness,0,0,4,"1,60,81,97"
betweenness,0,1,2,"15,19"
betweenness,0,2,0,
betweenness,0,3,0,
betweenness,0,4,0,
betweenness,0,5,0,
betweenness,0,6,0,
betweenness,0,7,0,
betweenness,0,8,0,
betweenness,0,9,0,
random,1,0,4,"21,41,61,69"
random,1,1,1,62
random,1,2,0,
random,1,3,0,
random,1,4,0,
random,1,5,0,
random,1,6,0,
random,1,7,0,
random,1,8,0,
random,1,9,0,
degree,1,0,4,"19,29,63,69"
degree,1,1,0,
degree,1,2,0,
degree,1,3,0,
degree,1,4,0,
degree,1,5,0,
degree,1,6,0,
degree,1,7,0,
degree,1,8,0,
degree,1,9,0,
betweenness,1,0,4,"43,56,59,70"
betweenness,1,1,2,"18,39"
betweenness,1,2,2,"30,69"
betweenness,1,3,0,
betweenness,1,4,0,
betweenness,1,5,0,
betweenness,1,6,0,
betweenness,1,7,0,
betweenness,1,8,0,
betweenness,1,9,0,
random,2,0,4,"14,45,62,82"
random,2,1,0,
random,2,2,0,
random,2,3,0,
random,2,4,0,
random,2,5,0,
random,2,6,0,
random,2,7,0,
random,2,8,0,
random,2,9,0,
degree,2,0,4,"25,54,63,85"
degree,2,1,1,0
degree,2,2,0,
degree,2,3,0,
degree,2,4,0,
degree,2,5,0,
degree,2,6,0,
degree,2,7,0,
degree,2,8,0,
degree,2,9,0,
betweenness,2,0,4,"17,39,47,98"
betweenness,2,1,2,"27,79"
betweenness,2,2,0,
betweenness,2,3,0,
betweenness,2,4,0,
betweenness,2,5,0,
betweenness,2,6,0,
betweenness,2,7,0,
betweenness,2,8,0,
betweenness,2,9,0,
random,3,0,4,"2,4,17,59"
random,3,1,3,"5,14,92"
random,3,2,2,"6,29"
random,3,3,3,"8,26,89"
random,3,4,1,19
random,3,5,0,
random,3,6,0,
random,3,7,0,
random,3,8,0,
random,3,9,0,
degree,3,0,4,"57,73,89,94"
degree,3,1,0,
degree,3,2,0,
degree,3,3,0,
degree,3,4,0,
degree,3,5,0,
degree,3,6,0,
degree,3,7,0,
degree,3,8,0,
degree,3,9,0,
betweenness,3,0,4,"42,61,68,84"
betweenness,3,1,1,67
betweenness,3,2,0,
betweenness,3,3,0,
betweenness,3,4,0,
betweenness,3,5,0,
betweenness,3,6,0,
betweenness,3,7,0,
betweenness,3,8,0,
betweenness,3,9,0,
random,4,0,4,"13,36,37,56"
random,4,1,0,
random,4,2,0,
random,4,3,0,
random,4,4,0,
random,4,5,0,
random,4,6,0,
random,4,7,0,
random,4,8,0,
random,4,9,0,
degree,4,0,4,"2,36,51,56"
degree,4,1,0,
degree,4,2,0,
degree,4,3,0,
degree,4,4,0,
degree,4,5,0,
degree,4,6,0,
degree,4,7,0,
degree,4,8,0,
degree,4,9,0,
betweenness,4,0,4,"23,40,66,91"
betweenness,4,1,1,50
betweenness,4,2,0,
betweenness,4,3,0,
betweenness,4,4,0,
betweenness,4,5,0,
betweenness,4,6,0,
betweenness,4,7,0,
betweenness,4,8,0,
betweenness,4,9,0,
random,5,0,4,"17,28,30,81"
random,5,1,1,1
random,5,2,1,36
random,5,3,1,60
random,5,4,1,25
random,5,5,2,"41,71"
random,5,6,0,
random,5,7,0,
random,5,8,0,
random,5,9,0,
degree,5,0,4,"10,34,44,70"
degree,5,1,0,
degree,5,2,0,
degree,5,3,0,
degree,5,4,0,
degree,5,5,0,
degree,5,6,0,
degree,5,7,0,
degree,5,8,0,
degree,5,9,0,
betweenness,5,0,4,"7,29,30,72"
betweenness,5,1,0,
betweenness,5,2,0,
betweenness,5,3,0,
betweenness,5,4,0,
betweenness,5,5,0,
betweenness,5,6,0,
betweenness,5,7,0,
betweenness,5,8,0,
betweenness,5,9,0,
random,6,0,4,"31,65,90,95"
random,6,1,0,
random,6,2,0,
random,6,3,0,
random,6,4,0,
random,6,5,0,
random,6,6,0,
random,6,7,0,
random,6,8,0,
random,6,9,0,
degree,6,0,4,"1,68,79,99"
degree,6,1,1,33
degree,6,2,0,
degree,6,3,0,
degree,6,4,0,
degree,6,5,0,
degree,6,6,0,
degree,6,7,0,
degree,6,8,0,
degree,6,9,0,
betweenness,6,0,4,"0,5,35,80"
betweenness,6,1,0,
betweenness,6,2,0,
betweenness,6,3,0,
betweenness,6,4,0,
betweenness,6,5,0,
betweenness,6,6,0,
betweenness,6,7,0,
betweenness,6,8,0,
betweenness,6,9,0,
random,7,0,4,"30,50,81,98"
random,7,1,0,
random,7,2,0,
random,7,3,0,
random,7,4,0,
random,7,5,0,
random,7,6,0,
random,7,7,0,
random,7,8,0,
random,7,9,0,
degree,7,0,4,"21,31,35,90"
degree,7,1,1,87
degree,7,2,0,
degree,7,3,0,
degree,7,4,0,
degree,7,5,0,
degree,7,6,0,
degree,7,7,0,
degree,7,8,0,
degree,7,9,0,
betweenness,7,0,4,"48,63,64,93"
betweenness,7,1,0,
betweenness,7,2,0,
betweenness,7,3,0,
betweenness,7,4,0,
betweenness,7,5,0,
betweenness,7,6,0,
betweenness,7,7,0,
betweenness,7,8,0,
betweenness,7,9,0,
random,8,0,4,"0,10,14,39"
random,8,1,4,"48,52,58,75"
random,8,2,2,"43,89"
random,8,3,0,
random,8,4,0,
random,8,5,0,
random,8,6,0,
random,8,7,0,
random,8,8,0,
random,8,9,0,
degree,8,0,4,"58,64,72,95"
degree,8,1,0,
degree,8,2,0,
degree,8,3,0,
degree,8,4,0,
degree,8,5,0,
degree,8,6,0,
degree,8,7,0,
degree,8,8,0,
degree,8,9,0,
betweenness,8,0,4,"20,28,47,60"
betweenness,8,1,0,
betweenness,8,2,0,
betweenness,8,3,0,
betweenness,8,4,0,
betweenness,8,5,0,
betweenness,8,6,0,
betweenness,8,7,0,
betweenness,8,8,0,
betweenness,8,9,0,
random,9,0,4,"3,11,67,81"
random,9,1,1,1
random,9,2,3,"22,32,33"
random,9,3,1,35
random,9,4,0,
random,9,5,0,
random,9,6,0,
random,9,7,0,
random,9,8,0,
random,9,9,0,
degree,9,0,4,"17,35,66,88"
degree,9,1,0,
degree,9,2,0,
degree,9,3,0,
degree,9,4,0,
degree,9,5,0,
degree,9,6,0,
degree,9,7,0,
degree,9,8,0,
degree,9,9,0,
betweenness,9,0,4,"8,22,30,54"
betweenness,9,1,1,11
betweenness,9,2,3,"71,75,77"
betweenness,9,3,0,
betweenness,9,4,0,
betweenness,9,5,0,
betweenness,9,6,0,
betweenness,9,7,0,
betweenness,9,8,0,
betweenness,9,9,0,
random,10,0,4,"9,20,57,75"
random,10,1,0,
random,10,2,0,
random,10,3,0,
random,10,4,0,
random,10,5,0,
random,10,6,0,
random,10,7,0,
random,10,8,0,
random,10,9,0,
degree,10,0,4,"69,82,86,87"
degree,10,1,0,
degree,10,2,0,
degree,10,3,0,
degree,10,4,0,
degree,10,5,0,
degree,10,6,0,
degree,10,7,0,
degree,10,8,0,
degree,10,9,0,
betweenness,10,0,4,"4,15,18,97"
betweenness,10,1,3,"17,90,99"
betweenness,10,2,0,
betweenness,10,3,0,
betweenness,10,4,0,
betweenness,10,5,0,
betweenness,10,6,0,
betweenness,10,7,0,
betweenness,10,8,0,
betweenness,10,9,0,
random,11,0,4,"30,45,46,98"
random,11,1,0,
random,11,2,0,
random,11,3,0,
random,11,4,0,
random,11,5,0,
random,11,6,0,
random,11,7,0,
random,11,8,0,
random,11,9,0,
degree,11,0,4,"2,41,48,91"
degree,11,1,3,"7,47,82"
degree,11,2,1,31
degree,11,3,0,
degree,11,4,0,
degree,11,5,0,
degree,11,6,0,
degree,11,7,0,
degree,11,8,0,
degree,11,9,0,
betweenness,11,0,4,"33,45,51,65"
betweenness,11,1,1,97
betweenness,11,2,0,
betweenness,11,3,0,
betweenness,11,4,0,
betweenness,11,5,0,
betweenness,11,6,0,
betweenness,11,7,0,
betweenness,11,8,0,
betweenness,11,9,0,
random,12,0,4,"35,43,78,81"
random,12,1,0,
random,12,2,0,
random,12,3,0,
random,12,4,0,
random,12,5,0,
random,12,6,0,
random,12,7,0,
random,12,8,0,
random,12,9,0,
degree,12,0,4,"44,59,89,96"
degree,12,1,1,62
degree,12,2,0,
degree,12,3,0,
degree,12,4,0,
degree,12,5,0,
degree,12,6,0,
degree,12,7,0,
degree,12,8,0,
degree,12,9,0,
betweenness,12,0,4,"22,36,49,54"
betweenness,12,1,2,"3,57"
betweenness,12,2,3,"33,93,95"
betweenness,12,3,0,
betweenness,12,4,0,
betweenness,12,5,0,
betweenness,12,6,0,
betweenness,12,7,0,
betweenness,12,8,0,
betweenness,12,9,0,
random,13,0,4,"15,81,92,98"
random,13,1,2,"0,61"
random,13,2,3,"21,28,32"
random,13,3,1,2
random,13,4,0,
random,13,5,0,
random,13,6,0,
random,13,7,0,
random,13,8,0,
random,13,9,0,
degree,13,0,4,"33,45,52,75"
degree,13,1,1,1
degree,13,2,0,
degree,13,3,0,
degree,13,4,0,
degree,13,5,0,
degree,13,6,0,
degree,13,7,0,
degree,13,8,0,
degree,13,9,0,
betweenness,13,0,4,"26,79,82,92"
betweenness,13,1,1,66
betweenness,13,2,0,
betweenness,13,3,0,
betweenness,13,4,0,
betweenness,13,5,0,
betweenness,13,6,0,
betweenness,13,7,0,
betweenness,13,8,0,
betweenness,13,9,0,
random,14,0,4,"50,62,67,82"
random,14,1,2,"0,20"
random,14,2,4,"11,39,63,79"
random,14,3,0,
random,14,4,0,
random,14,5,0,
random,14,6,0,
random,14,7,0,
random,14,8,0,
random,14,9,0,
degree,14,0,4,"10,52,63,90"
degree,14,1,0,
degree,14,2,0,
degree,14,3,0,
degree,14,4,0,
degree,14,5,0,
degree,14,6,0,
degree,14,7,0,
degree,14,8,0,
degree,14,9,0,
betweenness,14,0,4,"11,45,65,89"
betweenness,14,1,2,"91,98"
betweenness,14,2,0,
betweenness,14,3,0,
betweenness,14,4,0,
betweenness,14,5,0,
betweenness,14,6,0,
betweenness,14,7,0,
betweenness,14,8,0,
betweenness,14,9,0,
random,15,0,4,"22,37,72,94"
random,15,1,1,73
random,15,2,0,
random,15,3,0,
random,15,4,0,
random,15,5,0,
random,15,6,0,
random,15,7,0,
random,15,8,0,
random,15,9,0,
degree,15,0,4,"43,56,57,67"
degree,15,1,0,
degree,15,2,0,
degree,15,3,0,
degree,15,4,0,
degree,15,5,0,
degree,15,6,0,
degree,15,7,0,
degree,15,8,0,
degree,15,9,0,
betweenness,15,0,4,"14,24,30,98"
betweenness,15,1,1,91
betweenness,15,2,0,
betweenness,15,3,0,
betweenness,15,4,0,
betweenness,15,5,0,
betweenness,15,6,0,
betweenness,15,7,0,
betweenness,15,8,0,
betweenness,15,9,0,
random,16,0,4,"42,67,86,96"
random,16,1,2,"0,8"
random,16,2,4,"15,33,71,87"
random,16,3,1,77
random,16,4,0,
random,16,5,0,
random,16,6,0,
random,16,7,0,
random,16,8,0,
random,16,9,0,
degree,16,0,4,"9,17,33,66"
degree,16,1,0,
degree,16,2,0,
degree,16,3,0,
degree,16,4,0,
degree,16,5,0,
degree,16,6,0,
degree,16,7,0,
degree,16,8,0,
degree,16,9,0,
betweenness,16,0,4,"12,15,57,98"
betweenness,16,1,2,"20,56"
betweenness,16,2,0,
betweenness,16,3,0,
betweenness,16,4,0,
betweenness,16,5,0,
betweenness,16,6,0,
betweenness,16,7,0,
betweenness,16,8,0,
betweenness,16,9,0,
random,17,0,4,"50,57,72,80"
random,17,1,1,77
random,17,2,0,
random,17,3,0,
random,17,4,0,
random,17,5,0,
random,17,6,0,
random,17,7,0,
random,17,8,0,
random,17,9,0,
degree,17,0,4,"7,10,48,72"
degree,17,1,1,44
degree,17,2,0,
degree,17,3,0,
degree,17,4,0,
degree,17,5,0,
degree,17,6,0,
degree,17,7,0,
degree,17,8,0,
degree,17,9,0,
betweenness,17,0,4,"14,17,45,88"
betweenness,17,1,2,"27,66"
betweenness,17,2,0,
betweenness,17,3,0,
betweenness,17,4,0,
betweenness,17,5,0,
betweenness,17,6,0,
betweenness,17,7,0,
betweenness,17,8,0,
betweenness,17,9,0,
random,18,0,4,"14,44,77,84"
random,18,1,1,7
random,18,2,1,5
random,18,3,1,19
random,18,4,0,
random,18,5,0,
random,18,6,0,
random,18,7,0,
random,18,8,0,
random,18,9,0,
degree,18,0,4,"19,55,71,97"
degree,18,1,0,
degree,18,2,0,
degree,18,3,0,
degree,18,4,0,
degree,18,5,0,
degree,18,6,0,
degree,18,7,0,
degree,18,8,0,
degree,18,9,0,
betweenness,18,0,4,"65,78,83,88"
betweenness,18,1,0,
betweenness,18,2,0,
betweenness,18,3,0,
betweenness,18,4,0,
betweenness,18,5,0,
betweenness,18,6,0,
betweenness,18,7,0,
betweenness,18,8,0,
betweenness,18,9,0,
random,19,0,4,"15,53,69,70"
random,19,1,2,"6,92"
random,19,2,2,"3,17"
random,19,3,3,"12,72,73"
random,19,4,0,
random,19,5,0,
random,19,6,0,
random,19,7,0,
random,19,8,0,
random,19,9,0,
degree,19,0,4,"9,33,84,89"
degree,19,1,3,"27,41,65"
degree,19,2,1,22
degree,19,3,0,
degree,19,4,0,
degree,19,5,0,
degree,19,6,0,
degree,19,7,0,
degree,19,8,0,
degree,19,9,0,
betweenness,19,0,4,"31,50,71,90"
betweenness,19,1,0,
betweenness,19,2,0,
betweenness,19,3,0,
betweenness,19,4,0,
betweenness,19,5,0,
betweenness,19,6,0,
betweenness,19,7,0,
betweenness,19,8,0,
betweenness,19,9,0,
random,20,0,4,"9,68,86,91"
random,20,1,1,29
random,20,2,1,45
random,20,3,0,
random,20,4,0,
random,20,5,0,
random,20,6,0,
random,20,7,0,
random,20,8,0,
random,20,9,0,
degree,20,0,4,"78,87,90,98"
degree,20,1,0,
degree,20,2,0,
degree,20,3,0,
degree,20,4,0,
degree,20,5,0,
degree,20,6,0,
degree,20,7,0,
degree,20,8,0,
degree,20,9,0,
betweenness,20,0,4,"32,38,64,65"
betweenness,20,1,2,"41,60"
betweenness,20,2,1,51
betweenness,20,3,0,
betweenness,20,4,0,
betweenness,20,5,0,
betweenness,20,6,0,
betweenness,20,7,0,
betweenness,20,8,0,
betweenness,20,9,0,
random,21,0,4,"10,19,63,72"
random,21,1,0,
random,21,2,0,
random,21,3,0,
random,21,4,0,
random,21,5,0,
random,21,6,0,
random,21,7,0,
random,21,8,0,
random,21,9,0,
degree,21,0,4,"7,49,64,95"
degree,21,1,1,54
degree,21,2,0,
degree,21,3,0,
degree,21,4,0,
degree,21,5,0,
degree,21,6,0,
degree,21,7,0,
degree,21,8,0,
degree,21,9,0,
betweenness,21,0,4,"20,41,42,58"
betweenness,21,1,2,"40,50"
betweenness,21,2,0,
betweenness,21,3,0,
betweenness,21,4,0,
betweenness,21,5,0,
betweenness,21,6,0,
betweenness,21,7,0,
betweenness,21,8,0,
betweenness,21,9,0,
random,22,0,4,"52,62,73,77"
random,22,1,0,
random,22,2,0,
random,22,3,0,
random,22,4,0,
random,22,5,0,
random,22,6,0,
random,22,7,0,
random,22,8,0,
random,22,9,0,
degree,22,0,4,"16,35,42,58"
degree,22,1,0,
degree,22,2,0,
degree,22,3,0,
degree,22,4,0,
degree,22,5,0,
degree,22,6,0,
degree,22,7,0,
degree,22,8,0,
degree,22,9,0,
betweenness,22,0,4,"14,36,75,99"
betweenness,22,1,1,2
betweenness,22,2,0,
betweenness,22,3,0,
betweenness,22,4,0,
betweenness,22,5,0,
betweenness,22,6,0,
betweenness,22,7,0,
betweenness,22,8,0,
betweenness,22,9,0,
random,23,0,4,"15,57,62,71"
random,23,1,2,"85,88"
random,23,2,2,"3,95"
random,23,3,0,
random,23,4,0,
random,23,5,0,
random,23,6,0,
random,23,7,0,
random,23,8,0,
random,23,9,0,
degree,23,0,4,"19,24,51,52"
degree,23,1,1,69
degree,23,2,0,
degree,23,3,0,
degree,23,4,0,
degree,23,5,0,
degree,23,6,0,
degree,23,7,0,
degree,23,8,0,
degree,23,9,0,
betweenness,23,0,4,"13,24,26,94"
betweenness,23,1,4,"36,37,54,92"
betweenness,23,2,1,9
betweenness,23,3,0,
betweenness,23,4,0,
betweenness,23,5,0,
betweenness,23,6,0,
betweenness,23,7,0,
betweenness,23,8,0,
betweenness,23,9,0,
random,24,0,4,"7,31,74,82"
random,24,1,1,56
random,24,2,0,
random,24,3,0,
random,24,4,0,
random,24,5,0,
random,24,6,0,
random,24,7,0,
random,24,8,0,
random,24,9,0,
degree,24,0,4,"68,73,74,97"
degree,24,1,0,
degree,24,2,0,
degree,24,3,0,
degree,24,4,0,
degree,24,5,0,
degree,24,6,0,
degree,24,7,0,
degree,24,8,0,
degree,24,9,0,
betweenness,24,0,4,"16,45,52,63"
betweenness,24,1,1,35
betweenness,24,2,0,
betweenness,24,3,0,
betweenness,24,4,0,
betweenness,24,5,0,
betweenness,24,6,0,
betweenness,24,7,0,
betweenness,24,8,0,
betweenness,24,9,0,
random,25,0,4,"4,14,36,89"
random,25,1,3,"1,26,48"
random,25,2,0,
random,25,3,0,
random,25,4,0,
random,25,5,0,
random,25,6,0,
random,25,7,0,
random,25,8,0,
random,25,9,0,
degree,25,0,4,"14,54,73,97"
degree,25,1,1,9
degree,25,2,0,
degree,25,3,0,
degree,25,4,0,
degree,25,5,0,
degree,25,6,0,
degree,25,7,0,
degree,25,8,0,
degree,25,9,0,
betweenness,25,0,4,"11,48,62,63"
betweenness,25,1,2,"6,27"
betweenness,25,2,1,32
betweenness,25,3,1,15
betweenness,25,4,0,
betweenness,25,5,0,
betweenness,25,6,0,
betweenness,25,7,0,
betweenness,25,8,0,
betweenness,25,9,0,
random,26,0,4,"52,55,57,93"
random,26,1,1,10
random,26,2,1,82
random,26,3,0,
random,26,4,0,
random,26,5,0,
random,26,6,0,
random,26,7,0,
random,26,8,0,
random,26,9,0,
degree,26,0,4,"37,40,42,90"
degree,26,1,1,64
degree,26,2,0,
degree,26,3,0,
degree,26,4,0,
degree,26,5,0,
degree,26,6,0,
degree,26,7,0,
degree,26,8,0,
degree,26,9,0,
betweenness,26,0,4,"55,75,85,89"
betweenness,26,1,2,"8,96"
betweenness,26,2,1,9
betweenness,26,3,0,
betweenness,26,4,0,
betweenness,26,5,0,
betweenness,26,6,0,
betweenness,26,7,0,
betweenness,26,8,0,
betweenness,26,9,0,
random,27,0,4,"33,88,90,91"
random,27,1,1,8
random,27,2,1,95
random,27,3,0,
random,27,4,0,
random,27,5,0,
random,27,6,0,
random,27,7,0,
random,27,8,0,
random,27,9,0,
degree,27,0,4,"22,36,60,98"
degree,27,1,0,
degree,27,2,0,
degree,27,3,0,
degree,27,4,0,
degree,27,5,0,
degree,27,6,0,
degree,27,7,0,
degree,27,8,0,
degree,27,9,0,
betweenness,27,0,4,"29,39,75,78"
betweenness,27,1,1,64
betweenness,27,2,0,
betweenness,27,3,0,
betweenness,27,4,0,
betweenness,27,5,0,
betweenness,27,6,0,
betweenness,27,7,0,
betweenness,27,8,0,
betweenness,27,9,0,
random,28,0,4,"4,44,49,95"
random,28,1,3,"3,28,52"
random,28,2,1,54
random,28,3,0,
random,28,4,0,
random,28,5,0,
random,28,6,0,
random,28,7,0,
random,28,8,0,
random,28,9,0,
degree,28,0,4,"13,24,41,45"
degree,28,1,0,
degree,28,2,0,
degree,28,3,0,
degree,28,4,0,
degree,28,5,0,
degree,28,6,0,
degree,28,7,0,
degree,28,8,0,
degree,28,9,0,
betweenness,28,0,4,"29,41,91,99"
betweenness,28,1,0,
betweenness,28,2,0,
betweenness,28,3,0,
betweenness,28,4,0,
betweenness,28,5,0,
betweenness,28,6,0,
betweenness,28,7,0,
betweenness,28,8,0,
betweenness,28,9,0,
random,29,0,4,"54,75,82,85"
random,29,1,2,"4,16"
random,29,2,2,"3,12"
random,29,3,2,"25,73"
random,29,4,1,33
random,29,5,0,
random,29,6,0,
random,29,7,0,
random,29,8,0,
random,29,9,0,
degree,29,0,4,"23,56,57,65"
degree,29,1,1,78
degree,29,2,0,
degree,29,3,0,
degree,29,4,0,
degree,29,5,0,
degree,29,6,0,
degree,29,7,0,
degree,29,8,0,
degree,29,9,0,
betweenness,29,0,4,"12,24,65,88"
betweenness,29,1,2,"78,93"
betweenness,29,2,0,
betweenness,29,3,0,
betweenness,29,4,0,
betweenness,29,5,0,
betweenness,29,6,0,
betweenness,29,7,0,
betweenness,29,8,0,
betweenness,29,9,0,
random,30,0,4,"13,51,66,68"
random,30,1,0,
random,30,2,0,
random,30,3,0,
random,30,4,0,
random,30,5,0,
random,30,6,0,
random,30,7,0,
random,30,8,0,
random,30,9,0,
degree,30,0,4,"13,34,42,83"
degree,30,1,0,
degree,30,2,0,
degree,30,3,0,
degree,30,4,0,
degree,30,5,0,
degree,30,6,0,
degree,30,7,0,
degree,30,8,0,
degree,30,9,0,
betweenness,30,0,4,"4,30,42,57"
betweenness,30,1,2,"9,95"
betweenness,30,2,1,92
betweenness,30,3,0,
betweenness,30,4,0,
betweenness,30,5,0,
betweenness,30,6,0,
betweenness,30,7,0,
betweenness,30,8,0,
betweenness,30,9,0,
random,31,0,4,"19,52,80,83"
random,31,1,1,64
random,31,2,0,
random,31,3,0,
random,31,4,0,
random,31,5,0,
random,31,6,0,
random,31,7,0,
random,31,8,0,
random,31,9,0,
degree,31,0,4,"20,25,34,71"
degree,31,1,0,
degree,31,2,0,
degree,31,3,0,
degree,31,4,0,
degree,31,5,0,
degree,31,6,0,
degree,31,7,0,
degree,31,8,0,
degree,31,9,0,
betweenness,31,0,4,"2,21,61,79"
betweenness,31,1,2,"3,8"
betweenness,31,2,3,"15,80,96"
betweenness,31,3,0,
betweenness,31,4,0,
betweenness,31,5,0,
betweenness,31,6,0,
betweenness,31,7,0,
betweenness,31,8,0,
betweenness,31,9,0,
random,32,0,4,"22,50,55,61"
random,32,1,0,
random,32,2,0,
random,32,3,0,
random,32,4,0,
random,32,5,0,
random,32,6,0,
random,32,7,0,
random,32,8,0,
random,32,9,0,
degree,32,0,4,"1,6,75,77"
degree,32,1,0,
degree,32,2,0,
degree,32,3,0,
degree,32,4,0,
degree,32,5,0,
degree,32,6,0,
degree,32,7,0,
degree,32,8,0,
degree,32,9,0,
betweenness,32,0,4,"51,55,64,65"
betweenness,32,1,2,"10,62"
betweenness,32,2,0,
betweenness,32,3,0,
betweenness,32,4,0,
betweenness,32,5,0,
betweenness,32,6,0,
betweenness,32,7,0,
betweenness,32,8,0,
betweenness,32,9,0,
random,33,0,4,"17,39,63,73"
random,33,1,0,
random,33,2,0,
random,33,3,0,
random,33,4,0,
random,33,5,0,
random,33,6,0,
random,33,7,0,
random,33,8,0,
random,33,9,0,
degree,33,0,4,"9,47,63,95"
degree,33,1,0,
degree,33,2,0,
degree,33,3,0,
degree,33,4,0,
degree,33,5,0,
degree,33,6,0,
degree,33,7,0,
degree,33,8,0,
degree,33,9,0,
betweenness,33,0,4,"39,55,59,92"
betweenness,33,1,1,37
betweenness,33,2,0,
betweenness,33,3,0,
betweenness,33,4,0,
betweenness,33,5,0,
betweenness,33,6,0,
betweenness,33,7,0,
betweenness,33,8,0,
betweenness,33,9,0,
random,34,0,4,"10,40,41,79"
random,34,1,1,90
random,34,2,0,
random,34,3,0,
random,34,4,0,
random,34,5,0,
random,34,6,0,
random,34,7,0,
random,34,8,0,
random,34,9,0,
degree,34,0,4,"54,69,92,96"
degree,34,1,0,
degree,34,2,0,
degree,34,3,0,
degree,34,4,0,
degree,34,5,0,
degree,34,6,0,
degree,34,7,0,
degree,34,8,0,
degree,34,9,0,
betweenness,34,0,4,"13,22,34,83"
betweenness,34,1,1,46
betweenness,34,2,0,
betweenness,34,3,0,
betweenness,34,4,0,
betweenness,34,5,0,
betweenness,34,6,0,
betweenness,34,7,0,
betweenness,34,8,0,
betweenness,34,9,0,
random,35,0,4,"34,55,77,84"
random,35,1,1,12
random,35,2,0,
random,35,3,0,
random,35,4,0,
random,35,5,0,
random,35,6,0,
random,35,7,0,
random,35,8,0,
random,35,9,0,
degree,35,0,4,"19,26,62,67"
degree,35,1,1,31
degree,35,2,0,
degree,35,3,0,
degree,35,4,0,
degree,35,5,0,
degree,35,6,0,
degree,35,7,0,
degree,35,8,0,
degree,35,9,0,
betweenness,35,0,4,"14,35,45,84"
betweenness,35,1,1,21
betweenness,35,2,0,
betweenness,35,3,0,
betweenness,35,4,0,
betweenness,35,5,0,
betweenness,35,6,0,
betweenness,35,7,0,
betweenness,35,8,0,
betweenness,35,9,0,
random,36,0,4,"35,39,59,87"
random,36,1,0,
random,36,2,0,
random,36,3,0,
random,36,4,0,
random,36,5,0,
random,36,6,0,
random,36,7,0,
random,36,8,0,
random,36,9,0,
degree,36,0,4,"62,66,81,93"
degree,36,1,1,51
degree,36,2,0,
degree,36,3,0,
degree,36,4,0,
degree,36,5,0,
degree,36,6,0,
degree,36,7,0,
degree,36,8,0,
degree,36,9,0,
betweenness,36,0,4,"4,34,82,92"
betweenness,36,1,1,32
betweenness,36,2,1,47
betweenness,36,3,0,
betweenness,36,4,0,
betweenness,36,5,0,
betweenness,36,6,0,
betweenness,36,7,0,
betweenness,36,8,0,
betweenness,36,9,0,
random,37,0,4,"1,6,7,73"
random,37,1,0,
random,37,2,0,
random,37,3,0,
random,37,4,0,
random,37,5,0,
random,37,6,0,
random,37,7,0,
random,37,8,0,
random,37,9,0,
degree,37,0,4,"3,19,29,49"
degree,37,1,1,18
degree,37,2,0,
degree,37,3,0,
degree,37,4,0,
degree,37,5,0,
degree,37,6,0,
degree,37,7,0,
degree,37,8,0,
degree,37,9,0,
betweenness,37,0,4,"7,40,57,98"
betweenness,37,1,0,
betweenness,37,2,0,
betweenness,37,3,0,
betweenness,37,4,0,
betweenness,37,5,0,
betweenness,37,6,0,
betweenness,37,7,0,
betweenness,37,8,0,
betweenness,37,9,0,
random,38,0,4,"7,14,38,48"
random,38,1,1,51
random,38,2,0,
random,38,3,0,
random,38,4,0,
random,38,5,0,
random,38,6,0,
random,38,7,0,
random,38,8,0,
random,38,9,0,
degree,38,0,4,"42,69,75,93"
degree,38,1,3,"7,72,79"
degree,38,2,0,
degree,38,3,0,
degree,38,4,0,
degree,38,5,0,
degree,38,6,0,
degree,38,7,0,
degree,38,8,0,
degree,38,9,0,
betweenness,38,0,4,"47,72,87,90"
betweenness,38,1,0,
betweenness,38,2,0,
betweenness,38,3,0,
betweenness,38,4,0,
betweenness,38,5,0,
betweenness,38,6,0,
betweenness,38,7,0,
betweenness,38,8,0,
betweenness,38,9,0,
random,39,0,4,"2,25,31,70"
random,39,1,2,"0,3"
random,39,2,1,42
random,39,3,1,72
random,39,4,0,
random,39,5,0,
random,39,6,0,
random,39,7,0,
random,39,8,0,
random,39,9,0,
degree,39,0,4,"69,77,81,98"
degree,39,1,0,
degree,39,2,0,
degree,39,3,0,
degree,39,4,0,
degree,39,5,0,
degree,39,6,0,
degree,39,7,0,
degree,39,8,0,
degree,39,9,0,
betweenness,39,0,4,"19,21,37,86"
betweenness,39,1,1,49
betweenness,39,2,0,
betweenness,39,3,0,
betweenness,39,4,0,
betweenness,39,5,0,
betweenness,39,6,0,
betweenness,39,7,0,
betweenness,39,8,0,
betweenness,39,9,0,
random,40,0,4,"50,53,58,95"
random,40,1,2,"11,13"
random,40,2,1,1
random,40,3,1,25
random,40,4,0,
random,40,5,0,
random,40,6,0,
random,40,7,0,
random,40,8,0,
random,40,9,0,
degree,40,0,4,"18,33,84,98"
degree,40,1,0,
degree,40,2,0,
degree,40,3,0,
degree,40,4,0,
degree,40,5,0,
degree,40,6,0,
degree,40,7,0,
degree,40,8,0,
degree,40,9,0,
betweenness,40,0,4,"35,43,68,84"
betweenness,40,1,1,15
betweenness,40,2,0,
betweenness,40,3,0,
betweenness,40,4,0,
betweenness,40,5,0,
betweenness,40,6,0,
betweenness,40,7,0,
betweenness,40,8,0,
betweenness,40,9,0,
random,41,0,4,"0,9,29,96"
random,41,1,4,"1,10,19,24"
random,41,2,2,"12,38"
random,41,3,0,
random,41,4,0,
random,41,5,0,
random,41,6,0,
random,41,7,0,
random,41,8,0,
random,41,9,0,
degree,41,0,4,"8,33,40,71"
degree,41,1,1,2
degree,41,2,0,
degree,41,3,0,
degree,41,4,0,
degree,41,5,0,
degree,41,6,0,
degree,41,7,0,
degree,41,8,0,
degree,41,9,0,
betweenness,41,0,4,"3,72,83,87"
betweenness,41,1,3,"2,6,9"
betweenness,41,2,4,"19,32,34,60"
betweenness,41,3,0,
betweenness,41,4,0,
betweenness,41,5,0,
betweenness,41,6,0,
betweenness,41,7,0,
betweenness,41,8,0,
betweenness,41,9,0,
random,42,0,4,"41,75,83,95"
random,42,1,0,
random,42,2,0,
random,42,3,0,
random,42,4,0,
random,42,5,0,
random,42,6,0,
random,42,7,0,
random,42,8,0,
random,42,9,0,
degree,42,0,4,"28,47,65,75"
degree,42,1,1,8
degree,42,2,0,
degree,42,3,0,
degree,42,4,0,
degree,42,5,0,
degree,42,6,0,
degree,42,7,0,
degree,42,8,0,
degree,42,9,0,
betweenness,42,0,4,"18,30,54,64"
betweenness,42,1,3,"20,40,73"
betweenness,42,2,1,32
betweenness,42,3,1,95
betweenness,42,4,0,
betweenness,42,5,0,
betweenness,42,6,0,
betweenness,42,7,0,
betweenness,42,8,0,
betweenness,42,9,0,
random,43,0,4,"17,48,62,84"
random,43,1,2,"3,53"
random,43,2,4,"0,32,50,97"
random,43,3,2,"1,74"
random,43,4,1,4
random,43,5,0,
random,43,6,0,
random,43,7,0,
random,43,8,0,
random,43,9,0,
degree,43,0,4,"7,28,55,97"
degree,43,1,0,
degree,43,2,0,
degree,43,3,0,
degree,43,4,0,
degree,43,5,0,
degree,43,6,0,
degree,43,7,0,
degree,43,8,0,
degree,43,9,0,
betweenness,43,0,4,"32,35,51,97"
betweenness,43,1,0,
betweenness,43,2,0,
betweenness,43,3,0,
betweenness,43,4,0,
betweenness,43,5,0,
betweenness,43,6,0,
betweenness,43,7,0,
betweenness,43,8,0,
betweenness,43,9,0,
random,44,0,4,"18,23,64,79"
random,44,1,0,
random,44,2,0,
random,44,3,0,
random,44,4,0,
random,44,5,0,
random,44,6,0,
random,44,7,0,
random,44,8,0,
random,44,9,0,
degree,44,0,4,"38,71,73,80"
degree,44,1,0,
degree,44,2,0,
degree,44,3,0,
degree,44,4,0,
degree,44,5,0,
degree,44,6,0,
degree,44,7,0,
degree,44,8,0,
degree,44,9,0,
betweenness,44,0,4,"11,26,29,89"
betweenness,44,1,3,"12,16,19"
betweenness,44,2,1,65
betweenness,44,3,0,
betweenness,44,4,0,
betweenness,44,5,0,
betweenness,44,6,0,
betweenness,44,7,0,
betweenness,44,8,0,
betweenness,44,9,0,
random,45,0,4,"12,35,43,77"
random,45,1,2,"31,74"
random,45,2,0,
random,45,3,0,
random,45,4,0,
random,45,5,0,
random,45,6,0,
random,45,7,0,
random,45,8,0,
random,45,9,0,
degree,45,0,4,"11,26,50,61"
degree,45,1,1,12
degree,45,2,1,14
degree,45,3,1,46
degree,45,4,0,
degree,45,5,0,
degree,45,6,0,
degree,45,7,0,
degree,45,8,0,
degree,45,9,0,
betweenness,45,0,4,"44,87,95,98"
betweenness,45,1,1,59
betweenness,45,2,0,
betweenness,45,3,0,
betweenness,45,4,0,
betweenness,45,5,0,
betweenness,45,6,0,
betweenness,45,7,0,
betweenness,45,8,0,
betweenness,45,9,0,
random,46,0,4,"2,55,71,73"
random,46,1,1,62
random,46,2,0,
random,46,3,0,
random,46,4,0,
random,46,5,0,
random,46,6,0,
random,46,7,0,
random,46,8,0,
random,46,9,0,
degree,46,0,4,"24,51,72,85"
degree,46,1,1,4
degree,46,2,0,
degree,46,3,0,
degree,46,4,0,
degree,46,5,0,
degree,46,6,0,
degree,46,7,0,
degree,46,8,0,
degree,46,9,0,
betweenness,46,0,4,"15,54,60,66"
betweenness,46,1,3,"13,36,55"
betweenness,46,2,0,
betweenness,46,3,0,
betweenness,46,4,0,
betweenness,46,5,0,
betweenness,46,6,0,
betweenness,46,7,0,
betweenness,46,8,0,
betweenness,46,9,0,
random,47,0,4,"4,22,67,74"
random,47,1,1,61
random,47,2,0,
random,47,3,0,
random,47,4,0,
random,47,5,0,
random,47,6,0,
random,47,7,0,
random,47,8,0,
random,47,9,0,
degree,47,0,4,"11,45,75,81"
degree,47,1,2,"22,83"
degree,47,2,0,
degree,47,3,0,
degree,47,4,0,
degree,47,5,0,
degree,47,6,0,
degree,47,7,0,
degree,47,8,0,
degree,47,9,0,
betweenness,47,0,4,"39,56,93,94"
betweenness,47,1,2,"59,83"
betweenness,47,2,0,
betweenness,47,3,0,
betweenness,47,4,0,
betweenness,47,5,0,
betweenness,47,6,0,
betweenness,47,7,0,
betweenness,47,8,0,
betweenness,47,9,0,
random,48,0,4,"7,31,43,63"
random,48,1,2,"68,98"
random,48,2,0,
random,48,3,0,
random,48,4,0,
random,48,5,0,
random,48,6,0,
random,48,7,0,
random,48,8,0,
random,48,9,0,
degree,48,0,4,"56,63,84,88"
degree,48,1,0,
degree,48,2,0,
degree,48,3,0,
degree,48,4,0,
degree,48,5,0,
degree,48,6,0,
degree,48,7,0,
degree,48,8,0,
degree,48,9,0,
betweenness,48,0,4,"22,41,59,70"
betweenness,48,1,3,"4,6,51"
betweenness,48,2,2,"68,88"
betweenness,48,3,0,
betweenness,48,4,0,
betweenness,48,5,0,
betweenness,48,6,0,
betweenness,48,7,0,
betweenness,48,8,0,
betweenness,48,9,0,
random,49,0,4,"19,31,47,93"
random,49,1,0,
random,49,2,0,
random,49,3,0,
random,49,4,0,
random,49,5,0,
random,49,6,0,
random,49,7,0,
random,49,8,0,
random,49,9,0,
degree,49,0,4,"7,52,91,98"
degree,49,1,0,
degree,49,2,0,
degree,49,3,0,
degree,49,4,0,
degree,49,5,0,
degree,49,6,0,
degree,49,7,0,
degree,49,8,0,
degree,49,9,0,
betweenness,49,0,4,"12,38,72,98"
betweenness,49,1,0,
betweenness,49,2,0,
betweenness,49,3,0,
betweenness,49,4,0,
betweenness,49,5,0,
betweenness,49,6,0,
betweenness,49,7,0,
betweenness,49,8,0,
betweenness,49,9,0,
random,50,0,4,"30,52,53,58"
random,50,1,2,"7,38"
random,50,2,2,"2,82"
random,50,3,0,
random,50,4,0,
random,50,5,0,
random,50,6,0,
random,50,7,0,
random,50,8,0,
random,50,9,0,
degree,50,0,4,"8,78,92,94"
degree,50,1,0,
degree,50,2,0,
degree,50,3,0,
degree,50,4,0,
degree,50,5,0,
degree,50,6,0,
degree,50,7,0,
degree,50,8,0,
degree,50,9,0,
betweenness,50,0,4,"7,11,33,88"
betweenness,50,1,0,
betweenness,50,2,0,
betweenness,50,3,0,
betweenness,50,4,0,
betweenness,50,5,0,
betweenness,50,6,0,
betweenness,50,7,0,
betweenness,50,8,0,
betweenness,50,9,0,
random,51,0,4,"0,32,36,52"
random,51,1,1,5
random,51,2,2,"37,59"
random,51,3,0,
random,51,4,0,
random,51,5,0,
random,51,6,0,
random,51,7,0,
random,51,8,0,
random,51,9,0,
degree,51,0,4,"42,50,69,95"
degree,51,1,0,
degree,51,2,0,
degree,51,3,0,
degree,51,4,0,
degree,51,5,0,
degree,51,6,0,
degree,51,7,0,
degree,51,8,0,
degree,51,9,0,
betweenness,51,0,4,"38,56,85,92"
betweenness,51,1,1,6
betweenness,51,2,1,23
betweenness,51,3,1,77
betweenness,51,4,1,69
betweenness,51,5,0,
betweenness,51,6,0,
betweenness,51,7,0,
betweenness,51,8,0,
betweenness,51,9,0,
random,52,0,4,"5,25,40,58"
random,52,1,2,"22,69"
random,52,2,0,
random,52,3,0,
random,52,4,0,
random,52,5,0,
random,52,6,0,
random,52,7,0,
random,52,8,0,
random,52,9,0,
degree,52,0,4,"7,37,45,77"
degree,52,1,2,"69,71"
degree,52,2,0,
degree,52,3,0,
degree,52,4,0,
degree,52,5,0,
degree,52,6,0,
degree,52,7,0,
degree,52,8,0,
degree,52,9,0,
betweenness,52,0,4,"16,47,94,96"
betweenness,52,1,1,9
betweenness,52,2,1,10
betweenness,52,3,1,52
betweenness,52,4,0,
betweenness,52,5,0,
betweenness,52,6,0,
betweenness,52,7,0,
betweenness,52,8,0,
betweenness,52,9,0,
random,53,0,4,"0,26,51,89"
random,53,1,5,"3,17,27,48,96"
random,53,2,2,"1,41"
random,53,3,0,
random,53,4,0,
random,53,5,0,
random,53,6,0,
random,53,7,0,
random,53,8,0,
random,53,9,0,
degree,53,0,4,"20,23,31,95"
degree,53,1,1,29
degree,53,2,0,
degree,53,3,0,
degree,53,4,0,
degree,53,5,0,
degree,53,6,0,
degree,53,7,0,
degree,53,8,0,
degree,53,9,0,
betweenness,53,0,4,"42,50,51,87"
betweenness,53,1,1,44
betweenness,53,2,0,
betweenness,53,3,0,
betweenness,53,4,0,
betweenness,53,5,0,
betweenness,53,6,0,
betweenness,53,7,0,
betweenness,53,8,0,
betweenness,53,9,0,
random,54,0,4,"18,48,76,80"
random,54,1,2,"40,69"
random,54,2,0,
random,54,3,0,
random,54,4,0,
random,54,5,0,
random,54,6,0,
random,54,7,0,
random,54,8,0,
random,54,9,0,
degree,54,0,4,"19,34,42,43"
degree,54,1,0,
degree,54,2,0,
degree,54,3,0,
degree,54,4,0,
degree,54,5,0,
degree,54,6,0,
degree,54,7,0,
degree,54,8,0,
degree,54,9,0,
betweenness,54,0,4,"44,50,53,60"
betweenness,54,1,2,"31,69"
betweenness,54,2,0,
betweenness,54,3,0,
betweenness,54,4,0,
betweenness,54,5,0,
betweenness,54,6,0,
betweenness,54,7,0,
betweenness,54,8,0,
betweenness,54,9,0,
random,55,0,4,"23,64,68,88"
random,55,1,1,33
random,55,2,0,
random,55,3,0,
random,55,4,0,
random,55,5,0,
random,55,6,0,
random,55,7,0,
random,55,8,0,
random,55,9,0,
degree,55,0,4,"24,55,77,90"
degree,55,1,1,38
degree,55,2,0,
degree,55,3,0,
degree,55,4,0,
degree,55,5,0,
degree,55,6,0,
degree,55,7,0,
degree,55,8,0,
degree,55,9,0,
betweenness,55,0,4,"16,40,71,72"
betweenness,55,1,1,27
betweenness,55,2,0,
betweenness,55,3,0,
betweenness,55,4,0,
betweenness,55,5,0,
betweenness,55,6,0,
betweenness,55,7,0,
betweenness,55,8,0,
betweenness,55,9,0,
random,56,0,4,"15,30,60,80"
random,56,1,0,
random,56,2,0,
random,56,3,0,
random,56,4,0,
random,56,5,0,
random,56,6,0,
random,56,7,0,
random,56,8,0,
random,56,9,0,
degree,56,0,4,"29,57,74,89"
degree,56,1,1,99
degree,56,2,0,
degree,56,3,0,
degree,56,4,0,
degree,56,5,0,
degree,56,6,0,
degree,56,7,0,
degree,56,8,0,
degree,56,9,0,
betweenness,56,0,4,"6,22,73,78"
betweenness,56,1,0,
betweenness,56,2,0,
betweenness,56,3,0,
betweenness,56,4,0,
betweenness,56,5,0,
betweenness,56,6,0,
betweenness,56,7,0,
betweenness,56,8,0,
betweenness,56,9,0,
random,57,0,4,"32,36,92,95"
random,57,1,2,"7,37"
random,57,2,0,
random,57,3,0,
random,57,4,0,
random,57,5,0,
random,57,6,0,
random,57,7,0,
random,57,8,0,
random,57,9,0,
degree,57,0,4,"6,12,74,77"
degree,57,1,1,13
degree,57,2,2,"25,30"
degree,57,3,1,73
degree,57,4,0,
degree,57,5,0,
degree,57,6,0,
degree,57,7,0,
degree,57,8,0,
degree,57,9,0,
betweenness,57,0,4,"67,84,98,99"
betweenness,57,1,2,"20,41"
betweenness,57,2,1,31
betweenness,57,3,1,56
betweenness,57,4,0,
betweenness,57,5,0,
betweenness,57,6,0,
betweenness,57,7,0,
betweenness,57,8,0,
betweenness,57,9,0,
random,58,0,4,"40,84,95,97"
random,58,1,2,"51,91"
random,58,2,0,
random,58,3,0,
random,58,4,0,
random,58,5,0,
random,58,6,0,
random,58,7,0,
random,58,8,0,
random,58,9,0,
degree,58,0,4,"46,52,54,74"
degree,58,1,1,28
degree,58,2,0,
degree,58,3,0,
degree,58,4,0,
degree,58,5,0,
degree,58,6,0,
degree,58,7,0,
degree,58,8,0,
degree,58,9,0,
betweenness,58,0,4,"11,75,76,91"
betweenness,58,1,2,"19,20"
betweenness,58,2,1,34
betweenness,58,3,1,62
betweenness,58,4,1,14
betweenness,58,5,0,
betweenness,58,6,0,
betweenness,58,7,0,
betweenness,58,8,0,
betweenness,58,9,0,
random,59,0,4,"28,46,85,90"
random,59,1,1,33
random,59,2,0,
random,59,3,0,
random,59,4,0,
random,59,5,0,
random,59,6,0,
random,59,7,0,
random,59,8,0,
random,59,9,0,
degree,59,0,4,"27,28,76,91"
degree,59,1,0,
degree,59,2,0,
degree,59,3,0,
degree,59,4,0,
degree,59,5,0,
degree,59,6,0,
degree,59,7,0,
degree,59,8,0,
degree,59,9,0,
betweenness,59,0,4,"51,85,97,98"
betweenness,59,1,1,7
betweenness,59,2,0,
betweenness,59,3,0,
betweenness,59,4,0,
betweenness,59,5,0,
betweenness,59,6,0,
betweenness,59,7,0,
betweenness,59,8,0,
betweenness,59,9,0,
random,60,0,4,"10,61,71,89"
random,60,1,2,"22,47"
random,60,2,2,"28,54"
random,60,3,0,
random,60,4,0,
random,60,5,0,
random,60,6,0,
random,60,7,0,
random,60,8,0,
random,60,9,0,
degree,60,0,4,"13,19,57,68"
degree,60,1,0,
degree,60,2,0,
degree,60,3,0,
degree,60,4,0,
degree,60,5,0,
degree,60,6,0,
degree,60,7,0,
degree,60,8,0,
degree,60,9,0,
betweenness,60,0,4,"17,46,57,68"
betweenness,60,1,2,"77,86"
betweenness,60,2,0,
betweenness,60,3,0,
betweenness,60,4,0,
betweenness,60,5,0,
betweenness,60,6,0,
betweenness,60,7,0,
betweenness,60,8,0,
betweenness,60,9,0,
random,61,0,4,"4,13,63,88"
random,61,1,2,"2,73"
random,61,2,1,83
random,61,3,0,
random,61,4,0,
random,61,5,0,
random,61,6,0,
random,61,7,0,
random,61,8,0,
random,61,9,0,
degree,61,0,4,"43,51,83,88"
degree,61,1,1,14
degree,61,2,0,
degree,61,3,0,
degree,61,4,0,
degree,61,5,0,
degree,61,6,0,
degree,61,7,0,
degree,61,8,0,
degree,61,9,0,
betweenness,61,0,4,"17,34,84,85"
betweenness,61,1,0,
betweenness,61,2,0,
betweenness,61,3,0,
betweenness,61,4,0,
betweenness,61,5,0,
betweenness,61,6,0,
betweenness,61,7,0,
betweenness,61,8,0,
betweenness,61,9,0,
random,62,0,4,"26,56,60,94"
random,62,1,0,
random,62,2,0,
random,62,3,0,
random,62,4,0,
random,62,5,0,
random,62,6,0,
random,62,7,0,
random,62,8,0,
random,62,9,0,
degree,62,0,4,"12,78,92,98"
degree,62,1,0,
degree,62,2,0,
degree,62,3,0,
degree,62,4,0,
degree,62,5,0,
degree,62,6,0,
degree,62,7,0,
degree,62,8,0,
degree,62,9,0,
betweenness,62,0,4,"21,44,70,78"
betweenness,62,1,0,
betweenness,62,2,0,
betweenness,62,3,0,
betweenness,62,4,0,
betweenness,62,5,0,
betweenness,62,6,0,
betweenness,62,7,0,
betweenness,62,8,0,
betweenness,62,9,0,
random,63,0,4,"24,63,67,74"
random,63,1,2,"7,40"
random,63,2,0,
random,63,3,0,
random,63,4,0,
random,63,5,0,
random,63,6,0,
random,63,7,0,
random,63,8,0,
random,63,9,0,
degree,63,0,4,"44,65,66,75"
degree,63,1,2,"22,55"
degree,63,2,0,
degree,63,3,0,
degree,63,4,0,
degree,63,5,0,
degree,63,6,0,
degree,63,7,0,
degree,63,8,0,
degree,63,9,0,
betweenness,63,0,4,"14,16,92,99"
betweenness,63,1,2,"5,74"
betweenness,63,2,0,
betweenness,63,3,0,
betweenness,63,4,0,
betweenness,63,5,0,
betweenness,63,6,0,
betweenness,63,7,0,
betweenness,63,8,0,
betweenness,63,9,0,
random,64,0,4,"27,51,68,87"
random,64,1,3,"45,57,94"
random,64,2,0,
random,64,3,0,
random,64,4,0,
random,64,5,0,
random,64,6,0,
random,64,7,0,
random,64,8,0,
random,64,9,0,
degree,64,0,4,"5,7,13,91"
degree,64,1,1,1
degree,64,2,1,39
degree,64,3,0,
degree,64,4,0,
degree,64,5,0,
degree,64,6,0,
degree,64,7,0,
degree,64,8,0,
degree,64,9,0,
betweenness,64,0,4,"40,68,85,87"
betweenness,64,1,1,65
betweenness,64,2,0,
betweenness,64,3,0,
betweenness,64,4,0,
betweenness,64,5,0,
betweenness,64,6,0,
betweenness,64,7,0,
betweenness,64,8,0,
betweenness,64,9,0,
random,65,0,4,"5,59,78,94"
random,65,1,0,
random,65,2,0,
random,65,3,0,
random,65,4,0,
random,65,5,0,
random,65,6,0,
random,65,7,0,
random,65,8,0,
random,65,9,0,
degree,65,0,4,"40,51,94,99"
degree,65,1,3,"21,26,77"
degree,65,2,0,
degree,65,3,0,
degree,65,4,0,
degree,65,5,0,
degree,65,6,0,
degree,65,7,0,
degree,65,8,0,
degree,65,9,0,
betweenness,65,0,4,"21,33,50,80"
betweenness,65,1,2,"25,64"
betweenness,65,2,1,26
betweenness,65,3,0,
betweenness,65,4,0,
betweenness,65,5,0,
betweenness,65,6,0,
betweenness,65,7,0,
betweenness,65,8,0,
betweenness,65,9,0,
random,66,0,4,"4,21,71,80"
random,66,1,3,"14,26,76"
random,66,2,0,
random,66,3,0,
random,66,4,0,
random,66,5,0,
random,66,6,0,
random,66,7,0,
random,66,8,0,
random,66,9,0,
degree,66,0,4,"22,28,72,95"
degree,66,1,1,35
degree,66,2,0,
degree,66,3,0,
degree,66,4,0,
degree,66,5,0,
degree,66,6,0,
degree,66,7,0,
degree,66,8,0,
degree,66,9,0,
betweenness,66,0,4,"21,45,56,70"
betweenness,66,1,1,18
betweenness,66,2,1,4
betweenness,66,3,0,
betweenness,66,4,0,
betweenness,66,5,0,
betweenness,66,6,0,
betweenness,66,7,0,
betweenness,66,8,0,
betweenness,66,9,0,
random,67,0,4,"35,70,79,80"
random,67,1,0,
random,67,2,0,
random,67,3,0,
random,67,4,0,
random,67,5,0,
random,67,6,0,
random,67,7,0,
random,67,8,0,
random,67,9,0,
degree,67,0,4,"22,50,57,98"
degree,67,1,1,49
degree,67,2,0,
degree,67,3,0,
degree,67,4,0,
degree,67,5,0,
degree,67,6,0,
degree,67,7,0,
degree,67,8,0,
degree,67,9,0,
betweenness,67,0,4,"20,33,62,99"
betweenness,67,1,2,"54,74"
betweenness,67,2,0,
betweenness,67,3,0,
betweenness,67,4,0,
betweenness,67,5,0,
betweenness,67,6,0,
betweenness,67,7,0,
betweenness,67,8,0,
betweenness,67,9,0,
random,68,0,4,"5,14,28,57"
random,68,1,6,"1,38,47,54,64,77"
random,68,2,0,
random,68,3,0,
random,68,4,0,
random,68,5,0,
random,68,6,0,
random,68,7,0,
random,68,8,0,
random,68,9,0,
degree,68,0,4,"12,29,39,57"
degree,68,1,2,"38,56"
degree,68,2,0,
degree,68,3,0,
degree,68,4,0,
degree,68,5,0,
degree,68,6,0,
degree,68,7,0,
degree,68,8,0,
degree,68,9,0,
betweenness,68,0,4,"25,62,75,94"
betweenness,68,1,0,
betweenness,68,2,0,
betweenness,68,3,0,
betweenness,68,4,0,
betweenness,68,5,0,
betweenness,68,6,0,
betweenness,68,7,0,
betweenness,68,8,0,
betweenness,68,9,0,
random,69,0,4,"19,41,72,99"
random,69,1,0,
random,69,2,0,
random,69,3,0,
random,69,4,0,
random,69,5,0,
random,69,6,0,
random,69,7,0,
random,69,8,0,
random,69,9,0,
degree,69,0,4,"58,84,94,98"
degree,69,1,0,
degree,69,2,0,
degree,69,3,0,
degree,69,4,0,
degree,69,5,0,
degree,69,6,0,
degree,69,7,0,
degree,69,8,0,
degree,69,9,0,
betweenness,69,0,4,"5,41,86,94"
betweenness,69,1,0,
betweenness,69,2,0,
betweenness,69,3,0,
betweenness,69,4,0,
betweenness,69,5,0,
betweenness,69,6,0,
betweenness,69,7,0,
betweenness,69,8,0,
betweenness,69,9,0,
random,70,0,4,"15,24,39,95"
random,70,1,1,1
random,70,2,2,"6,11"
random,70,3,0,
random,70,4,0,
random,70,5,0,
random,70,6,0,
random,70,7,0,
random,70,8,0,
random,70,9,0,
degree,70,0,4,"48,69,73,88"
degree,70,1,2,"6,30"
degree,70,2,1,43
degree,70,3,0,
degree,70,4,0,
degree,70,5,0,
degree,70,6,0,
degree,70,7,0,
degree,70,8,0,
degree,70,9,0,
betweenness,70,0,4,"24,31,44,86"
betweenness,70,1,0,
betweenness,70,2,0,
betweenness,70,3,0,
betweenness,70,4,0,
betweenness,70,5,0,
betweenness,70,6,0,
betweenness,70,7,0,
betweenness,70,8,0,
betweenness,70,9,0,
random,71,0,4,"46,79,88,96"
random,71,1,1,26
random,71,2,0,
random,71,3,0,
random,71,4,0,
random,71,5,0,
random,71,6,0,
random,71,7,0,
random,71,8,0,
random,71,9,0,
degree,71,0,4,"63,83,91,97"
degree,71,1,0,
degree,71,2,0,
degree,71,3,0,
degree,71,4,0,
degree,71,5,0,
degree,71,6,0,
degree,71,7,0,
degree,71,8,0,
degree,71,9,0,
betweenness,71,0,4,"7,26,48,78"
betweenness,71,1,1,32
betweenness,71,2,0,
betweenness,71,3,0,
betweenness,71,4,0,
betweenness,71,5,0,
betweenness,71,6,0,
betweenness,71,7,0,
betweenness,71,8,0,
betweenness,71,9,0,
random,72,0,4,"27,47,58,80"
random,72,1,0,
random,72,2,0,
random,72,3,0,
random,72,4,0,
random,72,5,0,
random,72,6,0,
random,72,7,0,
random,72,8,0,
random,72,9,0,
degree,72,0,4,"10,22,74,76"
degree,72,1,1,37
degree,72,2,0,
degree,72,3,0,
degree,72,4,0,
degree,72,5,0,
degree,72,6,0,
degree,72,7,0,
degree,72,8,0,
degree,72,9,0,
betweenness,72,0,4,"60,72,90,98"
betweenness,72,1,3,"56,61,91"
betweenness,72,2,0,
betweenness,72,3,0,
betweenness,72,4,0,
betweenness,72,5,0,
betweenness,72,6,0,
betweenness,72,7,0,
betweenness,72,8,0,
betweenness,72,9,0,
random,73,0,4,"4,9,82,91"
random,73,1,3,"2,8,12"
random,73,2,2,"0,79"
random,73,3,0,
random,73,4,0,
random,73,5,0,
random,73,6,0,
random,73,7,0,
random,73,8,0,
random,73,9,0,
degree,73,0,4,"13,17,28,79"
degree,73,1,1,5
degree,73,2,0,
degree,73,3,0,
degree,73,4,0,
degree,73,5,0,
degree,73,6,0,
degree,73,7,0,
degree,73,8,0,
degree,73,9,0,
betweenness,73,0,4,"33,59,66,95"
betweenness,73,1,2,"24,57"
betweenness,73,2,1,41
betweenness,73,3,0,
betweenness,73,4,0,
betweenness,73,5,0,
betweenness,73,6,0,
betweenness,73,7,0,
betweenness,73,8,0,
betweenness,73,9,0,
random,74,0,4,"16,24,26,28"
random,74,1,1,6
random,74,2,0,
random,74,3,0,
random,74,4,0,
random,74,5,0,
random,74,6,0,
random,74,7,0,
random,74,8,0,
random,74,9,0,
degree,74,0,4,"31,65,75,79"
degree,74,1,1,45
degree,74,2,0,
degree,74,3,0,
degree,74,4,0,
degree,74,5,0,
degree,74,6,0,
degree,74,7,0,
degree,74,8,0,
degree,74,9,0,
betweenness,74,0,4,"18,87,90,91"
betweenness,74,1,0,
betweenness,74,2,0,
betweenness,74,3,0,
betweenness,74,4,0,
betweenness,74,5,0,
betweenness,74,6,0,
betweenness,74,7,0,
betweenness,74,8,0,
betweenness,74,9,0,
random,75,0,4,"4,17,20,56"
random,75,1,1,91
random,75,2,0,
random,75,3,0,
random,75,4,0,
random,75,5,0,
random,75,6,0,
random,75,7,0,
random,75,8,0,
random,75,9,0,
degree,75,0,4,"22,45,48,98"
degree,75,1,0,
degree,75,2,0,
degree,75,3,0,
degree,75,4,0,
degree,75,5,0,
degree,75,6,0,
degree,75,7,0,
degree,75,8,0,
degree,75,9,0,
betweenness,75,0,4,"58,73,83,96"
betweenness,75,1,1,19
betweenness,75,2,1,9
betweenness,75,3,0,
betweenness,75,4,0,
betweenness,75,5,0,
betweenness,75,6,0,
betweenness,75,7,0,
betweenness,75,8,0,
betweenness,75,9,0,
random,76,0,4,"9,12,43,80"
random,76,1,1,85
random,76,2,1,3
random,76,3,3,"18,39,47"
random,76,4,1,63
random,76,5,0,
random,76,6,0,
random,76,7,0,
random,76,8,0,
random,76,9,0,
degree,76,0,4,"10,35,43,62"
degree,76,1,2,"28,41"
degree,76,2,0,
degree,76,3,0,
degree,76,4,0,
degree,76,5,0,
degree,76,6,0,
degree,76,7,0,
degree,76,8,0,
degree,76,9,0,
betweenness,76,0,4,"60,71,77,89"
betweenness,76,1,0,
betweenness,76,2,0,
betweenness,76,3,0,
betweenness,76,4,0,
betweenness,76,5,0,
betweenness,76,6,0,
betweenness,76,7,0,
betweenness,76,8,0,
betweenness,76,9,0,
random,77,0,4,"9,38,73,96"
random,77,1,1,66
random,77,2,0,
random,77,3,0,
random,77,4,0,
random,77,5,0,
random,77,6,0,
random,77,7,0,
random,77,8,0,
random,77,9,0,
degree,77,0,4,"16,27,57,82"
degree,77,1,1,11
degree,77,2,0,
degree,77,3,0,
degree,77,4,0,
degree,77,5,0,
degree,77,6,0,
degree,77,7,0,
degree,77,8,0,
degree,77,9,0,
betweenness,77,0,4,"4,17,53,58"
betweenness,77,1,0,
betweenness,77,2,0,
betweenness,77,3,0,
betweenness,77,4,0,
betweenness,77,5,0,
betweenness,77,6,0,
betweenness,77,7,0,
betweenness,77,8,0,
betweenness,77,9,0,
random,78,0,4,"26,28,66,88"
random,78,1,1,2
random,78,2,1,83
random,78,3,0,
random,78,4,0,
random,78,5,0,
random,78,6,0,
random,78,7,0,
random,78,8,0,
random,78,9,0,
degree,78,0,4,"8,39,81,85"
degree,78,1,0,
degree,78,2,0,
degree,78,3,0,
degree,78,4,0,
degree,78,5,0,
degree,78,6,0,
degree,78,7,0,
degree,78,8,0,
degree,78,9,0,
betweenness,78,0,4,"37,47,92,95"
betweenness,78,1,1,20
betweenness,78,2,0,
betweenness,78,3,0,
betweenness,78,4,0,
betweenness,78,5,0,
betweenness,78,6,0,
betweenness,78,7,0,
betweenness,78,8,0,
betweenness,78,9,0,
random,79,0,4,"8,35,37,85"
random,79,1,0,
random,79,2,0,
random,79,3,0,
random,79,4,0,
random,79,5,0,
random,79,6,0,
random,79,7,0,
random,79,8,0,
random,79,9,0,
degree,79,0,4,"54,81,90,92"
degree,79,1,0,
degree,79,2,0,
degree,79,3,0,
degree,79,4,0,
degree,79,5,0,
degree,79,6,0,
degree,79,7,0,
degree,79,8,0,
degree,79,9,0,
betweenness,79,0,4,"14,15,45,85"
betweenness,79,1,2,"6,62"
betweenness,79,2,1,9
betweenness,79,3,0,
betweenness,79,4,0,
betweenness,79,5,0,
betweenness,79,6,0,
betweenness,79,7,0,
betweenness,79,8,0,
betweenness,79,9,0,
random,80,0,4,"2,35,40,82"
random,80,1,0,
random,80,2,0,
random,80,3,0,
random,80,4,0,
random,80,5,0,
random,80,6,0,
random,80,7,0,
random,80,8,0,
random,80,9,0,
degree,80,0,4,"14,39,46,59"
degree,80,1,2,"10,40"
degree,80,2,0,
degree,80,3,0,
degree,80,4,0,
degree,80,5,0,
degree,80,6,0,
degree,80,7,0,
degree,80,8,0,
degree,80,9,0,
betweenness,80,0,4,"3,15,16,55"
betweenness,80,1,1,14
betweenness,80,2,0,
betweenness,80,3,0,
betweenness,80,4,0,
betweenness,80,5,0,
betweenness,80,6,0,
betweenness,80,7,0,
betweenness,80,8,0,
betweenness,80,9,0,
random,81,0,4,"39,41,63,81"
random,81,1,1,79
random,81,2,0,
random,81,3,0,
random,81,4,0,
random,81,5,0,
random,81,6,0,
random,81,7,0,
random,81,8,0,
random,81,9,0,
degree,81,0,4,"20,24,65,96"
degree,81,1,0,
degree,81,2,0,
degree,81,3,0,
degree,81,4,0,
degree,81,5,0,
degree,81,6,0,
degree,81,7,0,
degree,81,8,0,
degree,81,9,0,
betweenness,81,0,4,"9,12,41,97"
betweenness,81,1,1,78
betweenness,81,2,0,
betweenness,81,3,0,
betweenness,81,4,0,
betweenness,81,5,0,
betweenness,81,6,0,
betweenness,81,7,0,
betweenness,81,8,0,
betweenness,81,9,0,
random,82,0,4,"11,47,57,60"
random,82,1,1,17
random,82,2,0,
random,82,3,0,
random,82,4,0,
random,82,5,0,
random,82,6,0,
random,82,7,0,
random,82,8,0,
random,82,9,0,
degree,82,0,4,"8,10,40,60"
degree,82,1,1,37
degree,82,2,2,"31,59"
degree,82,3,2,"23,68"
degree,82,4,0,
degree,82,5,0,
degree,82,6,0,
degree,82,7,0,
degree,82,8,0,
degree,82,9,0,
betweenness,82,0,4,"21,73,76,89"
betweenness,82,1,0,
betweenness,82,2,0,
betweenness,82,3,0,
betweenness,82,4,0,
betweenness,82,5,0,
betweenness,82,6,0,
betweenness,82,7,0,
betweenness,82,8,0,
betweenness,82,9,0,
random,83,0,4,"16,45,98,99"
random,83,1,1,33
random,83,2,0,
random,83,3,0,
random,83,4,0,
random,83,5,0,
random,83,6,0,
random,83,7,0,
random,83,8,0,
random,83,9,0,
degree,83,0,4,"16,18,63,80"
degree,83,1,0,
degree,83,2,0,
degree,83,3,0,
degree,83,4,0,
degree,83,5,0,
degree,83,6,0,
degree,83,7,0,
degree,83,8,0,
degree,83,9,0,
betweenness,83,0,4,"6,49,89,92"
betweenness,83,1,0,
betweenness,83,2,0,
betweenness,83,3,0,
betweenness,83,4,0,
betweenness,83,5,0,
betweenness,83,6,0,
betweenness,83,7,0,
betweenness,83,8,0,
betweenness,83,9,0,
random,84,0,4,"1,14,76,92"
random,84,1,2,"70,79"
random,84,2,0,
random,84,3,0,
random,84,4,0,
random,84,5,0,
random,84,6,0,
random,84,7,0,
random,84,8,0,
random,84,9,0,
degree,84,0,4,"18,21,26,59"
degree,84,1,1,53
degree,84,2,0,
degree,84,3,0,
degree,84,4,0,
degree,84,5,0,
degree,84,6,0,
degree,84,7,0,
degree,84,8,0,
degree,84,9,0,
betweenness,84,0,4,"18,47,50,76"
betweenness,84,1,2,"6,23"
betweenness,84,2,2,"2,25"
betweenness,84,3,0,
betweenness,84,4,0,
betweenness,84,5,0,
betweenness,84,6,0,
betweenness,84,7,0,
betweenness,84,8,0,
betweenness,84,9,0,
random,85,0,4,"19,60,64,90"
random,85,1,0,
random,85,2,0,
random,85,3,0,
random,85,4,0,
random,85,5,0,
random,85,6,0,
random,85,7,0,
random,85,8,0,
random,85,9,0,
degree,85,0,4,"30,32,82,84"
degree,85,1,0,
degree,85,2,0,
degree,85,3,0,
degree,85,4,0,
degree,85,5,0,
degree,85,6,0,
degree,85,7,0,
degree,85,8,0,
degree,85,9,0,
betweenness,85,0,4,"47,55,67,68"
betweenness,85,1,2,"3,8"
betweenness,85,2,1,22
betweenness,85,3,0,
betweenness,85,4,0,
betweenness,85,5,0,
betweenness,85,6,0,
betweenness,85,7,0,
betweenness,85,8,0,
betweenness,85,9,0,
random,86,0,4,"31,39,60,98"
random,86,1,0,
random,86,2,0,
random,86,3,0,
random,86,4,0,
random,86,5,0,
random,86,6,0,
random,86,7,0,
random,86,8,0,
random,86,9,0,
degree,86,0,4,"16,23,34,86"
degree,86,1,1,36
degree,86,2,0,
degree,86,3,0,
degree,86,4,0,
degree,86,5,0,
degree,86,6,0,
degree,86,7,0,
degree,86,8,0,
degree,86,9,0,
betweenness,86,0,4,"47,69,72,75"
betweenness,86,1,1,56
betweenness,86,2,0,
betweenness,86,3,0,
betweenness,86,4,0,
betweenness,86,5,0,
betweenness,86,6,0,
betweenness,86,7,0,
betweenness,86,8,0,
betweenness,86,9,0,
random,87,0,4,"28,50,64,66"
random,87,1,1,3
random,87,2,3,"2,47,54"
random,87,3,5,"6,7,8,33,38"
random,87,4,4,"49,53,82,92"
random,87,5,1,9
random,87,6,4,"12,19,25,76"
random,87,7,0,
random,87,8,0,
random,87,9,0,
degree,87,0,4,"16,17,21,62"
degree,87,1,2,"14,74"
degree,87,2,1,90
degree,87,3,0,
degree,87,4,0,
degree,87,5,0,
degree,87,6,0,
degree,87,7,0,
degree,87,8,0,
degree,87,9,0,
betweenness,87,0,4,"43,48,57,95"
betweenness,87,1,2,"64,77"
betweenness,87,2,1,0
betweenness,87,3,0,
betweenness,87,4,0,
betweenness,87,5,0,
betweenness,87,6,0,
betweenness,87,7,0,
betweenness,87,8,0,
betweenness,87,9,0,
random,88,0,4,"25,41,52,58"
random,88,1,0,
random,88,2,0,
random,88,3,0,
random,88,4,0,
random,88,5,0,
random,88,6,0,
random,88,7,0,
random,88,8,0,
random,88,9,0,
degree,88,0,4,"14,24,70,95"
degree,88,1,2,"7,46"
degree,88,2,0,
degree,88,3,0,
degree,88,4,0,
degree,88,5,0,
degree,88,6,0,
degree,88,7,0,
degree,88,8,0,
degree,88,9,0,
betweenness,88,0,4,"1,7,60,66"
betweenness,88,1,1,53
betweenness,88,2,0,
betweenness,88,3,0,
betweenness,88,4,0,
betweenness,88,5,0,
betweenness,88,6,0,
betweenness,88,7,0,
betweenness,88,8,0,
betweenness,88,9,0,
random,89,0,4,"10,18,24,83"
random,89,1,2,"55,94"
random,89,2,0,
random,89,3,0,
random,89,4,0,
random,89,5,0,
random,89,6,0,
random,89,7,0,
random,89,8,0,
random,89,9,0,
degree,89,0,4,"20,31,53,62"
degree,89,1,1,34
degree,89,2,1,57
degree,89,3,0,
degree,89,4,0,
degree,89,5,0,
degree,89,6,0,
degree,89,7,0,
degree,89,8,0,
degree,89,9,0,
betweenness,89,0,4,"26,62,71,88"
betweenness,89,1,2,"22,61"
betweenness,89,2,2,"37,73"
betweenness,89,3,1,27
betweenness,89,4,0,
betweenness,89,5,0,
betweenness,89,6,0,
betweenness,89,7,0,
betweenness,89,8,0,
betweenness,89,9,0,
random,90,0,4,"4,26,49,54"
random,90,1,0,
random,90,2,0,
random,90,3,0,
random,90,4,0,
random,90,5,0,
random,90,6,0,
random,90,7,0,
random,90,8,0,
random,90,9,0,
degree,90,0,4,"7,45,59,63"
degree,90,1,1,62
degree,90,2,1,19
degree,90,3,1,6
degree,90,4,0,
degree,90,5,0,
degree,90,6,0,
degree,90,7,0,
degree,90,8,0,
degree,90,9,0,
betweenness,90,0,4,"19,44,59,96"
betweenness,90,1,2,"23,62"
betweenness,90,2,0,
betweenness,90,3,0,
betweenness,90,4,0,
betweenness,90,5,0,
betweenness,90,6,0,
betweenness,90,7,0,
betweenness,90,8,0,
betweenness,90,9,0,
random,91,0,4,"5,55,71,91"
random,91,1,0,
random,91,2,0,
random,91,3,0,
random,91,4,0,
random,91,5,0,
random,91,6,0,
random,91,7,0,
random,91,8,0,
random,91,9,0,
degree,91,0,4,"9,70,77,79"
degree,91,1,0,
degree,91,2,0,
degree,91,3,0,
degree,91,4,0,
degree,91,5,0,
degree,91,6,0,
degree,91,7,0,
degree,91,8,0,
degree,91,9,0,
betweenness,91,0,4,"5,16,75,95"
betweenness,91,1,2,"53,68"
betweenness,91,2,1,61
betweenness,91,3,0,
betweenness,91,4,0,
betweenness,91,5,0,
betweenness,91,6,0,
betweenness,91,7,0,
betweenness,91,8,0,
betweenness,91,9,0,
random,92,0,4,"2,42,62,93"
random,92,1,1,25
random,92,2,0,
random,92,3,0,
random,92,4,0,
random,92,5,0,
random,92,6,0,
random,92,7,0,
random,92,8,0,
random,92,9,0,
degree,92,0,4,"10,30,88,98"
degree,92,1,2,"36,57"
degree,92,2,0,
degree,92,3,0,
degree,92,4,0,
degree,92,5,0,
degree,92,6,0,
degree,92,7,0,
degree,92,8,0,
degree,92,9,0,
betweenness,92,0,4,"29,49,80,87"
betweenness,92,1,2,"28,36"
betweenness,92,2,2,"14,37"
betweenness,92,3,1,39
betweenness,92,4,1,93
betweenness,92,5,0,
betweenness,92,6,0,
betweenness,92,7,0,
betweenness,92,8,0,
betweenness,92,9,0,
random,93,0,4,"8,19,85,97"
random,93,1,0,
random,93,2,0,
random,93,3,0,
random,93,4,0,
random,93,5,0,
random,93,6,0,
random,93,7,0,
random,93,8,0,
random,93,9,0,
degree,93,0,4,"29,70,73,98"
degree,93,1,1,61
degree,93,2,1,95
degree,93,3,0,
degree,93,4,0,
degree,93,5,0,
degree,93,6,0,
degree,93,7,0,
degree,93,8,0,
degree,93,9,0,
betweenness,93,0,4,"25,26,63,81"
betweenness,93,1,0,
betweenness,93,2,0,
betweenness,93,3,0,
betweenness,93,4,0,
betweenness,93,5,0,
betweenness,93,6,0,
betweenness,93,7,0,
betweenness,93,8,0,
betweenness,93,9,0,
random,94,0,4,"10,18,20,49"
random,94,1,4,"0,7,33,70"
random,94,2,4,"23,24,80,84"
random,94,3,1,14
random,94,4,1,32
random,94,5,1,71
random,94,6,0,
random,94,7,0,
random,94,8,0,
random,94,9,0,
degree,94,0,4,"33,36,39,94"
degree,94,1,0,
degree,94,2,0,
degree,94,3,0,
degree,94,4,0,
degree,94,5,0,
degree,94,6,0,
degree,94,7,0,
degree,94,8,0,
degree,94,9,0,
betweenness,94,0,4,"43,54,57,94"
betweenness,94,1,0,
betweenness,94,2,0,
betweenness,94,3,0,
betweenness,94,4,0,
betweenness,94,5,0,
betweenness,94,6,0,
betweenness,94,7,0,
betweenness,94,8,0,
betweenness,94,9,0,
random,95,0,4,"40,48,89,93"
random,95,1,0,
random,95,2,0,
random,95,3,0,
random,95,4,0,
random,95,5,0,
random,95,6,0,
random,95,7,0,
random,95,8,0,
random,95,9,0,
degree,95,0,4,"19,60,61,74"
degree,95,1,0,
degree,95,2,0,
degree,95,3,0,
degree,95,4,0,
degree,95,5,0,
degree,95,6,0,
degree,95,7,0,
degree,95,8,0,
degree,95,9,0,
betweenness,95,0,4,"55,63,80,93"
betweenness,95,1,1,34
betweenness,95,2,1,39
betweenness,95,3,0,
betweenness,95,4,0,
betweenness,95,5,0,
betweenness,95,6,0,
betweenness,95,7,0,
betweenness,95,8,0,
betweenness,95,9,0,
random,96,0,4,"35,41,44,62"
random,96,1,3,"1,16,88"
random,96,2,1,24
random,96,3,0,
random,96,4,0,
random,96,5,0,
random,96,6,0,
random,96,7,0,
random,96,8,0,
random,96,9,0,
degree,96,0,4,"22,44,52,79"
degree,96,1,1,58
degree,96,2,0,
degree,96,3,0,
degree,96,4,0,
degree,96,5,0,
degree,96,6,0,
degree,96,7,0,
degree,96,8,0,
degree,96,9,0,
betweenness,96,0,4,"23,54,65,97"
betweenness,96,1,2,"77,88"
betweenness,96,2,0,
betweenness,96,3,0,
betweenness,96,4,0,
betweenness,96,5,0,
betweenness,96,6,0,
betweenness,96,7,0,
betweenness,96,8,0,
betweenness,96,9,0,
random,97,0,4,"23,24,36,77"
random,97,1,1,99
random,97,2,0,
random,97,3,0,
random,97,4,0,
random,97,5,0,
random,97,6,0,
random,97,7,0,
random,97,8,0,
random,97,9,0,
degree,97,0,4,"75,84,86,98"
degree,97,1,0,
degree,97,2,0,
degree,97,3,0,
degree,97,4,0,
degree,97,5,0,
degree,97,6,0,
degree,97,7,0,
degree,97,8,0,
degree,97,9,0,
betweenness,97,0,4,"16,37,58,71"
betweenness,97,1,1,57
betweenness,97,2,0,
betweenness,97,3,0,
betweenness,97,4,0,
betweenness,97,5,0,
betweenness,97,6,0,
betweenness,97,7,0,
betweenness,97,8,0,
betweenness,97,9,0,
random,98,0,4,"13,37,62,99"
random,98,1,0,
random,98,2,0,
random,98,3,0,
random,98,4,0,
random,98,5,0,
random,98,6,0,
random,98,7,0,
random,98,8,0,
random,98,9,0,
degree,98,0,4,"5,18,64,67"
degree,98,1,0,
degree,98,2,0,
degree,98,3,0,
degree,98,4,0,
degree,98,5,0,
degree,98,6,0,
degree,98,7,0,
degree,98,8,0,
degree,98,9,0,
betweenness,98,0,4,"39,47,51,86"
betweenness,98,1,1,18
betweenness,98,2,0,
betweenness,98,3,0,
betweenness,98,4,0,
betweenness,98,5,0,
betweenness,98,6,0,
betweenness,98,7,0,
betweenness,98,8,0,
betweenness,98,9,0,
random,99,0,4,"0,15,51,81"
random,99,1,1,41
random,99,2,0,
random,99,3,0,
random,99,4,0,
random,99,5,0,
random,99,6,0,
random,99,7,0,
random,99,8,0,
random,99,9,0,
degree,99,0,4,"1,9,35,38"
degree,99,1,2,"17,46"
degree,99,2,0,
degree,99,3,0,
degree,99,4,0,
degree,99,5,0,
degree,99,6,0,
degree,99,7,0,
degree,99,8,0,
degree,99,9,0,
betweenness,99,0,4,"61,70,87,93"
betweenness,99,1,1,17
betweenness,99,2,1,1
betweenness,99,3,0,
betweenness,99,4,0,
betweenness,99,5,0,
betweenness,99,6,0,
betweenness,99,7,0,
betweenness,99,8,0,
betweenness,99,9,0,
